,BKO_id,BKO_label,Jurist_id,Mid_date
0,0,Afr. quaest.,1,150
1,1,Alf. dig.,2,-41
2,2,Aquila. resp.,13,208
3,3,Arcad. l. s. de mun. civil.,3,321
4,4,Arcad. l. s. de off. praef. pr.,3,321
5,5,Arcad. l. s. de test.,3,321
6,6,Call. de cogn.,5,205
7,7,Call. de iure fisci.,5,205
8,8,Call. ed. monit.,5,205
9,9,Call. inst.,5,205
10,10,Call. quaest.,5,205
11,11,Call. x.,5,205
12,12,Cels. dig.,6,110
13,13,Claud. not. ad Scaev. dig.,33,200
14,14,Clem. ad leg. Iul. et Pap.,31,150
15,15,Flor. inst.,7,180
16,16,Furius ad ed.,8,205
17,17,"Gai. 1-8, 19 ad ed. provinc.",9,165
18,18,Gai. 20 ad ed. provinc.,9,165
19,19,Gai. 21-30 ad ed. provinc.,9,165
20,20,Gai. 9-18 ad ed. provinc.,9,165
21,21,Gai. ad ed. aedil. curul.,9,165
22,22,Gai. ad ed. pu.,9,165
23,23,Gai. ad ed. pu. de liberali causa.,9,165
24,24,Gai. ad ed. pu. de praediator.,9,165
25,25,Gai. ad ed. pu. de publicanis.,9,165
26,26,Gai. ad ed. pu. de re iudicata.,9,165
27,27,Gai. ad ed. pu. q. n. s. n. d.,9,165
28,28,Gai. ad ed. urbicum.,9,165
29,29,Gai. ad l. XII tab.,9,165
30,30,Gai. ad leg. Iul. et Pap.,9,165
31,31,Gai. de legatis ad ed. provinc.,9,165
32,32,Gai. de legatis ad ed. urb.,9,165
33,33,Gai. de manumiss.,9,165
34,34,Gai. de testam. ad ed. pu.,9,165
35,35,Gai. de verb. oblig.,9,165
36,36,Gai. fideicomm.,9,165
37,37,Gai. inst.,9,165
38,38,Gai. l. s. ad l. Glitiam.,9,165
39,39,Gai. l. s. ad sc Orfit.,9,165
40,40,Gai. l. s. ad sc Tert.,9,165
41,41,Gai. l. s. de casib.,9,165
42,42,Gai. l. s. de form. hypoth.,9,165
43,43,Gai. l. s. de tac. fideicomm.,9,165
44,44,Gai. l. s. reg.,9,165
45,45,Gai. reg.,9,165
46,46,Gai. rer. cott.,9,165
47,47,Gallus. de verb. sign.,0,-47
48,48,Hermog. 1 iuris epit.,10,345
49,49,Hermog. 2 iuris epit.,10,345
50,50,Hermog. 3 iuris epit.,10,345
51,51,Hermog. 4 iuris epit.,10,345
52,52,Hermog. 5-6 iuris epit.,10,345
53,53,Iav. 1 ad Plaut.,11,102
54,54,Iav. 2 ad Plaut.,11,102
55,55,Iav. 3-5 ad Plaut.,11,102
56,56,Iav. epist.,11,102
57,57,Iav. ex Cass.,11,102
58,58,Iav. ex post. Labeonis.,11,102
59,59,Iul. ad Urs. Ferocem.,12,129
60,60,Iul. ad ed.,12,129
61,61,Iul. dig.,12,129
62,62,Iul. ex Minic.,12,129
63,63,Iul. l. s. de ambig.,12,129
64,64,Lab. pith.,14,-62
65,65,Licin. reg.,15,248
66,66,Macer. ad l. vices.,16,230
67,67,Macer. de appellat.,16,230
68,68,Macer. de off. praesid.,16,230
69,69,Macer. de publ. iudic.,16,230
70,70,Macer. de re milit.,16,230
71,71,Maec. 1-8 fideicomm.,17,135
72,72,Maec. 9-16 fideicomm.,17,135
73,73,Maec. de publ. iudic.,17,135
74,74,Maec. ex l. Rhodia.,17,135
75,75,Marcell. ad leg. Iul. et Pap.,18,145
76,76,Marcell. de off. praesid.,18,145
77,77,Marcell. dig.,18,145
78,78,Marcell. l. s. resp.,18,145
79,79,Marcell. not. ad Iul. dig.,18,145
80,80,Marcell. not. ad Pomp. l. s. reg.,18,145
81,81,Marcell. publ.,18,145
82,82,Marcian. 1-2 reg.,19,225
83,83,Marcian. 3-4 reg.,19,225
84,84,Marcian. 5 reg.,19,225
85,85,Marcian. de adult.,19,225
86,86,Marcian. de appellat.,19,225
87,87,Marcian. de publ. iudic.,19,225
88,88,Marcian. dig.,19,225
89,89,Marcian. inst.,19,225
90,90,Marcian. l. s. ad form. hypoth.,19,225
91,91,Marcian. l. s. ad sc Turpill.,19,225
92,92,Marcian. l. s. de delator.,19,225
93,93,Marcian. not. ad Pap. adult.,19,225
94,94,Marcian. x.,19,225
95,95,Mauric. ad leg. Iul. et Pap.,20,175
96,96,Mauric. de poen.,20,175
97,97,Men. de re milit.,4,191
98,98,Mod. ad Q. Muc.,21,230
99,99,Mod. de poen.,21,230
100,100,Mod. de praescr.,21,230
101,101,Mod. diff.,21,230
102,102,Mod. excus.,21,230
103,103,Mod. l. s. de diff. dotis.,21,230
104,104,Mod. l. s. de enucl. cas.,21,230
105,105,Mod. l. s. de heuremat.,21,230
106,106,Mod. l. s. de inoff. testam.,21,230
107,107,Mod. l. s. de manumiss.,21,230
108,108,Mod. l. s. de praescr.,21,230
109,109,Mod. l. s. de ritu nupt.,21,230
110,110,Mod. pand.,21,230
111,111,Mod. reg.,21,230
112,112,Mod. resp.,21,230
113,113,Muc. l. s. horon.,29,-105
114,114,Ner. membr.,22,110
115,115,Ner. reg.,22,110
116,116,Ner. resp.,22,110
117,117,Pap. de adult.,23,192
118,118,Pap. de cura urb.,23,192
119,119,Pap. def.,23,192
120,120,Pap. l. s. de adult.,23,192
121,121,Pap. quaest.,23,192
122,122,Pap. resp.,23,192
123,123,Papir. const.,24,170
124,124,Paul. 1-14 ad Plaut.,25,208
125,125,Paul. 1-2 fideicomm.,25,208
126,126,Paul. 1-2 sent.,25,208
127,127,Paul. 1-27 ad ed.,25,208
128,128,Paul. 1-5 brev.,25,208
129,129,Paul. 1-7 resp.,25,208
130,130,Paul. 15-18 ad Plaut.,25,208
131,131,Paul. 16 brev.,25,208
132,132,Paul. 16-19 resp.,25,208
133,133,Paul. 20-23 resp.,25,208
134,134,Paul. 28-48 ad ed.,25,208
135,135,Paul. 3 fideicomm.,25,208
136,136,Paul. 3 sent.,25,208
137,137,Paul. 4 sent.,25,208
138,138,Paul. 48-49 ad ed.,25,208
139,139,Paul. 5 sent.,25,208
140,140,Paul. 50-51 ad ed.,25,208
141,141,Paul. 52 ad ed.,25,208
142,142,Paul. 53-78 ad ed.,25,208
143,143,Paul. 6-8 brev.,25,208
144,144,Paul. 8-15 resp.,25,208
145,145,Paul. ?1 sent.,25,208
146,146,Paul. ?48 ad ed.,25,208
147,147,Paul. ad Ner.,25,208
148,148,Paul. ad Sab.,25,208
149,149,Paul. ad Vitell.,25,208
150,150,Paul. ad ed. aedil. curul.,25,208
151,151,Paul. ad l. Aeliam Sentiam.,25,208
152,152,Paul. ad leg. Iul. et Pap.,25,208
153,153,Paul. ad leg. Iuliam.,25,208
154,154,Paul. de adult.,25,208
155,155,Paul. de cens.,25,208
156,156,Paul. de iure fisci.,25,208
157,157,Paul. de off. procons.,25,208
158,158,Paul. decr.,25,208
159,159,Paul. epit. Alf.,25,208
160,160,Paul. imp. sent. i. c. p.,25,208
161,161,Paul. inst.,25,208
162,162,Paul. l. s. ad l. Cinc.,25,208
163,163,Paul. l. s. ad l. Falcid.,25,208
164,164,Paul. l. s. ad l. Fuf. Canin.,25,208
165,165,Paul. l. s. ad or. Ant. et Comm.,25,208
166,166,Paul. l. s. ad reg. Caton.,25,208
167,167,Paul. l. s. ad sc Claudianum.,25,208
168,168,Paul. l. s. ad sc Libon.,25,208
169,169,Paul. l. s. ad sc Orfit.,25,208
170,170,Paul. l. s. ad sc Silan.,25,208
171,171,Paul. l. s. ad sc Tert.,25,208
172,172,Paul. l. s. ad sc Turpill.,25,208
173,173,Paul. l. s. ad sc Velle.,25,208
174,174,Paul. l. s. de adsign. libert.,25,208
175,175,Paul. l. s. de adult.,25,208
176,176,Paul. l. s. de appellat.,25,208
177,177,Paul. l. s. de art. liberalis c.,25,208
178,178,Paul. l. s. de cogn.,25,208
179,179,Paul. l. s. de concept. form.,25,208
180,180,Paul. l. s. de concurr. actionum.,25,208
181,181,Paul. l. s. de dotis repet.,25,208
182,182,Paul. l. s. de excus.,25,208
183,183,Paul. l. s. de forma testamenti.,25,208
184,184,Paul. l. s. de grad. et adfin.,25,208
185,185,Paul. l. s. de inoff. testam.,25,208
186,186,Paul. l. s. de instrumenti sign.,25,208
187,187,Paul. l. s. de intercess.,25,208
188,188,Paul. l. s. de iure codicill.,25,208
189,189,Paul. l. s. de iure libellorum.,25,208
190,190,Paul. l. s. de iure patronatus.,25,208
191,191,Paul. l. s. de iure singulari.,25,208
192,192,Paul. l. s. de iuris et facti ignor.,25,208
193,193,Paul. l. s. de liberali causa.,25,208
194,194,Paul. l. s. de libertatibus dandis.,25,208
195,195,Paul. l. s. de off. adsess.,25,208
196,196,Paul. l. s. de off. praef. vig.,25,208
197,197,Paul. l. s. de off. pu.,25,208
198,198,Paul. l. s. de poen. milit.,25,208
199,199,Paul. l. s. de poen. omnium legum.,25,208
200,200,Paul. l. s. de poen. pagan.,25,208
201,201,Paul. l. s. de portion.,25,208
202,202,Paul. l. s. de publ. iudic.,25,208
203,203,Paul. l. s. de secundis tabulis.,25,208
204,204,Paul. l. s. de senatus consultis.,25,208
205,205,Paul. l. s. de septemvir. iud.,25,208
206,206,Paul. l. s. de tac. fideicomm.,25,208
207,207,Paul. l. s. de usur.,25,208
208,208,Paul. l. s. de var. lect.,25,208
209,209,Paul. l. s. reg.,25,208
210,210,Paul. manual.,25,208
211,211,Paul. not. ad Iul. dig.,25,208
212,212,Paul. not. ad Pap. quaest.,25,208
213,213,Paul. quaest.,25,208
214,214,Paul. reg.,25,208
215,215,Paul. x.,25,208
216,216,Pomp. 1 ad Plaut.,26,135
217,217,Pomp. 1-2 fideicomm.,26,135
218,218,Pomp. 2-3 ad Plaut.,26,135
219,219,Pomp. 3-5 fideicomm.,26,135
220,220,Pomp. 4-7 ad Plaut.,26,135
221,221,Pomp. ad Q. Muc.,26,135
222,222,Pomp. ad Sab.,26,135
223,223,Pomp. enchirid.,26,135
224,224,Pomp. epist.,26,135
225,225,Pomp. l. s. enchirid.,26,135
226,226,Pomp. l. s. reg.,26,135
227,227,Pomp. sen. consult.,26,135
228,228,Pomp. var. lect.,26,135
229,229,Pomp. x.,26,135
230,230,Proc. 1-6 epist.,27,55
231,231,Proc. 7-11 epist.,27,55
232,232,Proc. ex post. Labeonis.,27,55
233,233,Rutil. l. s. ad l. Falcid.,28,-105
234,234,Scaev. 1 resp.,29,-105
235,235,Scaev. 2-4 resp.,29,-105
236,236,Scaev. 5 resp.,29,-105
237,237,Scaev. 6 resp.,29,-105
238,238,Scaev. dig.,29,-105
239,239,Scaev. l. s. quaest. publ. tract.,29,-105
240,240,Scaev. not. ad Iul. dig.,29,-105
241,241,Scaev. quaest.,29,-105
242,242,Scaev. reg.,29,-105
243,243,Tarrunt. de re milit.,30,170
244,244,Tert. l. s. de castr. peculio.,32,215
245,245,Tert. quaest.,32,215
246,246,Tryph. 1-12 disp.,33,200
247,247,Tryph. 13-21 disp.,33,200
248,248,Ulp. 1-25 ad ed.,34,208
249,249,Ulp. 1-4 fideicomm.,34,208
250,250,Ulp. 26-51 ad ed.,34,208
251,251,Ulp. 5-6 fideicomm.,34,208
252,252,Ulp. 52-53 ad ed.,34,208
253,253,Ulp. 54-55 ad ed.,34,208
254,254,Ulp. 56-81 ad ed.,34,208
255,255,Ulp. ?55 ad ed.,34,208
256,256,Ulp. ad Sab.,34,208
257,257,Ulp. ad ed. aedil. curul.,34,208
258,258,Ulp. ad l. Aeliam Sentiam.,34,208
259,259,Ulp. ad leg. Iul. et Pap.,34,208
260,260,Ulp. de adult.,34,208
261,261,Ulp. de appellat.,34,208
262,262,Ulp. de cens.,34,208
263,263,Ulp. de off. cons.,34,208
264,264,Ulp. de off. procons.,34,208
265,265,Ulp. de omn. trib.,34,208
266,266,Ulp. disp.,34,208
267,267,Ulp. inst.,34,208
268,268,Ulp. l. s. de off. const.,34,208
269,269,Ulp. l. s. de off. curat. rei p.,34,208
270,270,Ulp. l. s. de off. praef. vig.,34,208
271,271,Ulp. l. s. de off. praet. tutel.,34,208
272,272,Ulp. l. s. de off. prutelari.,34,208
273,273,Ulp. l. s. de off. pu.,34,208
274,274,Ulp. l. s. de off. quaest.,34,208
275,275,Ulp. l. s. de sponsal.,34,208
276,276,Ulp. l. s. excus.,34,208
277,277,Ulp. l. s. pand.,34,208
278,278,Ulp. l. s. reg.,34,208
279,279,Ulp. opin.,34,208
280,280,Ulp. reg.,34,208
281,281,Ulp. resp.,34,208
282,282,Ulp. x.,34,208
283,283,Valens. 1-4 fideicomm.,35,135
284,284,Valens. 5-7 fideicomm.,35,135
285,285,Valens. actionum.,35,135
286,286,Ven. actionum.,36,165
287,287,Ven. de off. procons.,36,165
288,288,Ven. de publ. iudic.,36,165
289,289,Ven. disp.,36,165
290,290,Ven. interd.,36,165
291,291,Ven. l. s. de poen. pagan.,36,165
292,292,Ven. stipul.,36,165
